"First Name","Middle Name","Last Name","Title","Suffix","Web Page","Birthday","Anniversary","Notes","E-mail Address","E-mail 2 Address","E-mail 3 Address","Primary Phone","Home Phone","Home Phone 2","Mobile Phone","Pager","Home Fax","Home Address","Home Street","Home Street 2","Home Street 3","Home Address PO Box","Home City","Home State","Home Postal Code","Home Country","Spouse","Children","Manager's Name","Assistant's Name","Referred By","Company Main Phone","Business Phone","Business Phone 2","Business Fax","Assistant's Phone","Company","Job Title","Department","Business Address","Business Street","Business Street 2","Business Street 3","Business Address PO Box","Business City","Business State","Business Postal Code","Business Country","Other Phone","Other Fax","Other Address","Other Street","Other Street 2","Other Street 3","Other Address PO Box","Other City","Other State","Other Postal Code","Other Country","Callback","Car Phone","ISDN","Radio Phone","TTY/TDD Phone","Telex","Categories"

"Christopher","","Taylor","","","https://christophertaylor.art","1987-03-12","","Digital artist and photographer","chris.taylor@freelance.com","chris.personal@yahoo.com","","+1-555-2001","+1-555-2001","","+1-555-2001","","","567 Art District","567 Art District","","","","Portland","OR","97201","USA","","","","","","","","","","","","Freelance","Digital Artist","Creative","789 Studio Row","789 Studio Row","","","","Portland","OR","97202","USA","","","","","","","","","","","","","","","","","","Creative"

"Jennifer","Lynn","White","","","https://jenniferwhite.legal","1980-12-05","","Corporate attorney specializing in intellectual property","jennifer.white@lawfirm.com","jen.personal@gmail.com","","+1-555-2002","+1-555-2002","","+1-555-2002","","","890 Legal Heights","890 Legal Heights","","","","Chicago","IL","60601","USA","","","","","","","","","","","","White & Associates","Senior Partner","Legal","123 Corporate Plaza","123 Corporate Plaza","","","","Chicago","IL","60602","USA","","","","","","","","","","","","","","","","","","Legal"

"Daniel","","Miller","","","https://danielmiller.tech","1993-06-18","","Full-stack developer and tech blogger","daniel.miller@devstudio.com","dan.personal@outlook.com","","+1-555-2003","+1-555-2003","","+1-555-2003","","","234 Tech Valley","234 Tech Valley","","","","Seattle","WA","98101","USA","","","","","","","","","","","","DevStudio","Lead Developer","Engineering","456 Innovation Hub","456 Innovation Hub","","","","Seattle","WA","98102","USA","","","","","","","","","","","","","","","","","","Technology"

"Amanda","Rose","Clark","","","https://amandaclark.fitness","1989-09-30","","Certified personal trainer and nutritionist","amanda.clark@fitnesscenter.com","amanda.personal@icloud.com","","+1-555-2004","+1-555-2004","","+1-555-2004","","","345 Wellness Way","345 Wellness Way","","","","Denver","CO","80201","USA","","","","","","","","","","","","FitLife Center","Personal Trainer","Fitness","678 Health Plaza","678 Health Plaza","","","","Denver","CO","80202","USA","","","","","","","","","","","","","","","","","","Fitness"

"Kevin","Michael","Rodriguez","","","https://kevinrodriguez.music","1984-01-22","","Professional musician and music producer","kevin.rodriguez@musicstudio.com","kevin.personal@hotmail.com","","+1-555-2005","+1-555-2005","","+1-555-2005","","","456 Music Lane","456 Music Lane","","","","Nashville","TN","37201","USA","","","","","","","","","","","","SoundWave Studios","Music Producer","Entertainment","789 Recording Row","789 Recording Row","","","","Nashville","TN","37202","USA","","","","","","","","","","","","","","","","","","Music"
